{"cameraMode":{"drawMode":0,"name":"Shaded","section":"Shading Mode"},"sceneLighting":true,"audioPlay":false,"sceneViewState":{"showFog":true,"showMaterialUpdate":false,"showSkybox":true,"showFlares":true,"showImageEffects":true,"showParticleSystems":true},"in2DMode":false,"pivot":{"x":-0.10165627300739289,"y":1.0394954681396485,"z":-5.477043628692627},"rotation":{"x":-0.3650972545146942,"y":-0.020687608048319818,"z":0.008070684969425202,"w":-0.9307655692100525},"size":23.298583984375,"orthographic":false}